model_name,margin,inv_margin,l1_inf_norm,frobenius_norm,spectral_norm,trace_norm,l1_inf_norm_margin,frobenius_norm_margin,spectral_norm_margin,trace_norm_margin,l1_inf_norm_squared_margin,frobenius_norm_squared_margin,spectral_norm_squared_margin,trace_norm_squared_margin,mu_fro_spec,mu_spec_init_main,mu_spec_origin_main,mu_sum_of_fro,mu_sum_of_fro_margin,log_product_spectral_norms,log_product_frobenius_norms,frobenius_distance,spectral_distance,mu_path_norm,mu_path_norm_margin,l1_max_bound,frobenius_bound,spec_l2_1_bound,spec_fro_bound,flatness
conv2True_8_16fcTrue_160ReLU00_80ReLU00_lr001_adam,1.449204301834107,0.6900338335556996,19280382.412515298,220364.7110127353,1186.178918418725,504969254.60783935,13304116.188527819,152059.10632051164,818.5035863594263,348445870.5848115,9180290.295640294,104925.92806139635,564.7951674746836,240439439.86629066,16.92756185846196,9043.275442413833,9560.60513478809,58.55964212892004,50.48316422762923,7.078492426880084,12.303039230069038,71.81089544296265,19.92694056034088,192.0302507093609,91.43456853387865,473546.2232831856,5412.386249000631,252125.5394197958,31300.049741408013,2.7118190182833803e-05
conv2True_8_16fcTrue_160ReLU00_80ReLU00_lr0001_adam,-0.12630598545074456,-7.917281167882334,5445292.16450234,109032.15824208397,526.3953828096608,280029930.9466446,-43111909.10763161,-863238.253143618,-4167.620251179139,-2217075698.7272596,341329106.08930665,6834499.96500961,32996.221329545646,17553211677.302902,13.932216926761765,516923.96562610276,459710.5133266734,50.87224764333591,116.38884366774795,6.266052608714396,11.599398147442454,50.704917907714844,13.64984130859375,92.57126688732849,5802.676297552572,133742.03291215765,2677.943084699309,92159.61233951182,11540.209518791262,0.00011669374706128907
conv2True_8_16fcTrue_160ReLU00_80ReLU00_lrscheduler_adam,2.827271032333374,0.35369796123673736,24473796.946620334,354530.56839077914,1536.6903485844593,868045456.4309325,8656332.0837415,125396.73923592025,543.5242433464945,307025908.2004339,3061727.0098075266,44352.57101347978,192.24341675439538,108594437.77735116,17.69720607140443,3199.34872184487,3402.1713621734184,64.4022057049137,42.49655882564747,7.337386258430162,12.778549850829933,82.35957717895508,23.330709218978882,300.65782045375107,37.61296915230927,601101.8799061086,8707.63909697745,341839.2363264462,42320.568476298205,1.10625434723388e-05
conv2True_8_16fcTrue_160ReLU05_80ReLU02_lr001_adam,0.036095190048217825,27.704522366114382,10520731.845802022,140565.9557600767,1624.2456677588407,255970054.31503788,291471850.72991395,3894312.6652692896,44998.95043048919,7091528094.82648,8075088407.639655,107890072.33559555,1246674.4286531603,196467398713.04874,15.769902914399983,16290804.253596451,19659934.705725405,53.523688475992515,202.09999426467814,7.3927987825314965,11.853432093620103,77.12234544754028,21.791442394256592,115.20290777987117,88422.90429736742,258400.10458095124,3452.445913581428,315200.46324971254,34975.38939285555,7.534824095337304e-05
conv2True_8_16fcTrue_160ReLU05_80ReLU02_lr0001_adam,-0.6198783874511719,-1.6132196576683688,2857815.0838372326,57693.07033297722,543.2784567392048,119730804.54047483,-4610283.471227401,-93071.59517240264,-876.4274859994197,-193152087.5131432,7437399.923207608,150144.92690267242,1413.8700489351331,311596744.4958837,12.119863746374827,18874.059908000116,17135.912348174123,44.79141008434059,54.23406245512459,6.297622000165374,10.962892347068523,47.99275255203247,12.404835224151611,46.98366571213872,122.27394058340504,70190.90756801493,1417.0017472297834,80672.07829056717,9162.417442350414,0.00045300834703270685
conv2True_8_16fcTrue_160ReLU05_80ReLU02_lrscheduler_adam,-0.401486724615097,-2.490742379984529,9500213.290432135,87716.58407931222,1243.9894202641847,161016943.37651804,-23662583.86137159,-218479.41339381918,-3098.4571693043904,-401051724.7634627,58937400.443456195,544175.9340941451,7717.458584153345,998916527.4342476,15.521559678583518,96483.8051872243,119786.9939809328,48.70643537352619,70.16457042268686,7.126078768652176,11.381866260589286,66.53139352798462,19.110114812850952,73.61603298534905,456.6989690100781,233335.10859974465,2154.410437580181,237681.80471515429,26694.49383043618,0.0001845249851154651
conv2True_8_16fcTrue_160ReLU00_80ReLU00_lr001_sgd,-0.8437364935874939,-1.1852041574592647,4050986.965570964,56775.465172744596,187.68120345696803,166157025.0522828,-4801246.593407998,-67290.51736442058,-222.44054261415664,-196929996.88302878,5690457.423494291,79753.00093789611,263.6374558937932,233402251.03420573,12.127649317120786,4803.0820501965545,3197.3026119378223,44.64801388505889,47.788061184449724,5.2347447971659795,10.946859560207383,36.2722225189209,9.065171718597412,47.90155615458907,67.287742007926,99496.44862180299,1394.4644111543714,28236.33830415016,3334.018170610678,0.00043581357648666576
conv2True_8_16fcTrue_160ReLU00_80ReLU00_lr0001_sgd,-0.8027297496795653,-1.2457492704103483,8009411.226719847,114546.41102230962,338.52793052031376,329671300.58081746,-9977718.192102702,-142696.10795916608,-421.72092245920595,-410687782.17378396,12429735.158171998,177763.57238052742,525.3585314703348,511614005.0094354,12.84647403302874,10042.16142146603,6749.004732563768,51.376711374734434,56.0968607413617,5.824606601563754,11.648735356289194,44.659985065460205,10.841696500778198,91.66761777442184,142.25817344919025,196719.4610555612,2813.3788619798283,54161.11180112228,6913.793931977172,0.00011900579490815577
conv2True_8_16fcTrue_160ReLU00_80ReLU00_lrscheduler_sgd,0.22913255691528323,4.364285955093358,5175164.519673978,100679.79852325497,317.5927381737107,293206378.9077934,22585897.828510605,439395.43065667065,1386.0655266511676,1279636481.4110641,98571316.6761424,1917647.306747105,6049.186310802769,5584699523.44739,13.628838225508574,110515.58599606424,82443.38162589197,50.067795752309465,90.26590720018521,5.760769864419233,11.519700448087685,43.47063875198364,11.12795078754425,85.95339341668686,1637.1535879982116,127107.41730775872,2472.800452373372,54266.718956068726,6716.014543883843,0.00013535488855527495
conv2True_8_16fcTrue_160ReLU05_80ReLU02_lr001_sgd,-0.10689871311187742,-9.35464956396085,3506263.1740911417,59880.26342015623,549.7392452256305,133197032.25919007,-32799863.27264368,-560158.8800932253,-5142.617990642111,-1246011559.7443116,306831226.6614117,5240090.023412888,48107.389143777444,11656001494.052301,11.292293192959075,663595.3668070087,543242.7429593113,45.125990202848556,110.36662293797441,6.30944406621601,11.000102237658094,43.840720891952515,10.740596115589142,47.94154104137533,4195.338773900386,86117.46636570804,1470.721481821375,75745.27398156415,8729.02185763757,0.0004350869127534958
conv2True_8_16fcTrue_160ReLU05_80ReLU02_lr0001_sgd,-1.1141413807868956,-0.8975521574234323,3557210.87490664,49420.56561160207,310.9285839796167,131632957.6213203,-3192782.29518255,-44357.535285779726,-279.0746213555178,-118147445.10104328,2865688.637224436,39813.20149373762,250.48402847977252,106043494.24450794,9.586155308175906,3925.912808911738,2401.178799224656,43.426171848171045,41.5887076149278,5.739563252303368,10.808121924471079,41.04931974411011,11.194999516010284,38.10499282922941,30.69737747136153,87368.79482952939,1213.8204366061595,35719.399542562875,4445.88215929401,0.0006887097503712997
conv2True_8_16fcTrue_160ReLU05_80ReLU02_lrscheduler_sgd,-0.7019520044326782,-1.4245988239725962,2624985.0266208337,41547.22903086226,376.8982428078926,100230542.26267974,-3739550.5818697135,-59188.13361668648,-536.9287934614617,-142788312.63354915,5327359.361117631,84319.34554346444,764.9081277222234,203416062.2547855,10.731909170764991,10589.35668115918,8208.924550694808,41.94482793145696,48.323173725113776,5.931975238038535,10.634586108068437,40.98898005485535,10.438618838787079,33.86121000449851,68.72070974380141,64472.359465459434,1020.443110229764,48884.53005401994,5603.639578399221,0.0008721577685707216
conv2True_32_64fcTrue_320ReLU00_160ReLU00_lr001_adam,4.070874357223511,0.24564747330645634,206318029.66694567,1039135.6689037076,3446.494561214625,9567293473.286926,50681502.6852517,255261.05148881016,846.6226807268165,2350181468.094284,12449783.078006463,62704.23233177547,207.97072236448116,577316139.4490191,19.88715651018552,3563.9716399010413,4135.946305198777,79.85543041337083,45.543811717610424,8.145112924264001,13.853899837980208,111.26437187194824,28.04724669456482,145.56266101322137,8.783641239679461,5067385.16143697,25522.251631730032,1447266.0210543668,58952.22704312687,4.719543870833459e-05
conv2True_32_64fcTrue_320ReLU00_160ReLU00_lr0001_adam,4.301570653915405,0.23247322442321694,75142953.93508118,784487.1678870887,1696.615208701877,10403687640.886873,17468724.79397358,182372.26143734902,394.41760817239447,2418578811.7689424,4061010.779416834,42396.66766169443,91.6915331411295,562254814.8935987,17.94218395197994,1677.6230859193101,1645.1463544572105,75.48960851553869,42.114955767319046,7.436390491557125,13.572785493962286,89.98074054718018,21.504517674446106,86.24916213361148,4.661232474875397,1845589.0179440628,19267.819881306437,649075.4664829624,27462.1262654283,0.00013442815261586157
conv2True_32_64fcTrue_320ReLU00_160ReLU00_lrscheduler_adam,0.1761053085327149,5.678420533326689,63385928.86511273,302932.6095257254,1428.2356039695433,2486868412.672547,359931959.991641,1720178.7501451154,8110.1223800089,14121484658.20134,2043845032.2170546,9767898.335816264,46052.68545043485,80187728444.18831,18.41577782703685,718942.047371013,848096.0235936207,62.40784834486013,125.00581919785543,7.264195118064569,12.621265648948368,81.99641132354736,19.523938179016113,50.68543845992654,1634.3245804997775,1556824.2673385292,7440.339619877517,549399.5982047396,21822.886123968925,0.0003892544484865072
conv2True_32_64fcTrue_320ReLU05_160ReLU02_lr001_adam,4.3556207656860355,0.2295883994029251,226570663.90410376,1550859.0279721252,8513.973621129062,13782819544.594109,52017996.07740128,356059.2419316965,1954.7095762337476,3164375478.5027146,11942728.459558196,81747.07144771707,448.77864290507614,726503901.2193035,20.397025093012125,6929.287779344473,9153.749240542766,86.51361685421163,48.02467615646948,9.049464048089789,14.254319546971821,145.76604080200195,37.36428642272949,187.88159086908968,9.903395186452935,5564810.89964829,38090.70898220959,3669612.457776188,143862.28594705704,2.832901942861696e-05
conv2True_32_64fcTrue_320ReLU05_160ReLU02_lr0001_adam,1.1209856033325198,0.892072116740083,39919221.384381734,337769.28421534214,1187.2676463459857,4441845798.714732,35610824.3189814,301314.56033976295,1059.1283624128796,3962446783.8924956,31767423.429092962,268794.31764689984,944.8188801571154,3534788289.976913,15.690037000073316,15531.533981782131,14824.243188032975,63.78139813129394,60.93320486299384,7.079409850528702,12.730118350314928,79.03237056732178,19.04102474451065,37.494711541158544,29.83801628820597,980457.5510239172,8295.964543598146,393688.310084583,15118.933709294313,0.0007113117232455576
conv2True_32_64fcTrue_320ReLU05_160ReLU02_lrscheduler_adam,0.6662132263183594,1.501020935183499,100455677.46970122,523913.5632903949,3484.2931898657394,4944481845.267354,150786074.94006288,786405.2267254678,5229.997022305769,7421770763.381037,226333055.21918234,1180410.7088526534,7850.335021428321,11140233291.967756,18.651616067716823,116034.48019692779,146421.43482263255,69.63409452511732,81.91748918962334,8.156020487665273,13.169081994143834,97.80413627624512,22.892276644706726,67.12381429353147,151.23423931516675,2467295.806448936,12867.861431107176,1376247.5413578574,54395.451449690016,0.0002219457052313947
conv2True_32_64fcTrue_320ReLU00_160ReLU00_lr001_sgd,3.7297683238983153,0.26811316767117865,50442793.34481629,784560.2817672542,606.7677258035759,15209093034.99076,13524377.109861344,210350.942373611,162.6824170058339,4077758111.0170336,3626063.5877045053,56397.85748240641,43.61729814783775,1093300644.1416187,16.08396791587454,1043.67973127379,701.5392239869564,75.49101558315385,44.588465397683386,6.408146058524563,13.572878689206616,70.3784384727478,18.565255641937256,82.59823105513519,5.937546638039381,1238927.4117709626,19269.61563416451,207362.1522925736,8085.15074190422,0.0001465745289253525
conv2True_32_64fcTrue_320ReLU00_160ReLU00_lr0001_sgd,-0.01111547946929924,-89.96463020439043,62035736.81374948,819149.6719005723,373.1990927752134,17006877127.044508,-5581022121.905861,-73694497.31458274,-33574.718374136064,-1530017411666.065,502094591359.7832,6629898199.004879,3020537.122745704,137647450646816.12,18.496072290383403,85382852.21473946,55868072.978091225,76.1452219076275,460.5442626351874,5.9221120380356504,13.616022095711886,71.80671083927155,14.597536504268646,83.53260322042675,676082.3749881423,1523662.1477835244,20119.16699226771,150927.53685818377,6503.2728943209895,0.00014331378560355644
conv2True_32_64fcTrue_320ReLU00_160ReLU00_lrscheduler_sgd,0.739074194431305,1.3530441294455822,38396710.46099202,547781.1440620282,379.2206219312676,11279459079.080475,51952443.679267034,741172.061194112,513.1022362688043,15261605890.27151,70293948.9305845,1002838.5063077749,694.2499685889056,20649626255.743984,15.730825341816622,17166.200692687788,10921.124999433752,70.25729422697894,79.28959592442877,5.938118151632316,13.213631114010273,62.56847548484802,14.985982477664948,57.606906392050774,105.46260050286499,943063.1009423363,13454.074011931129,126881.71548352217,4787.518052342201,0.00030133591273735717
conv2True_32_64fcTrue_320ReLU05_160ReLU02_lr001_sgd,1.4505008220672608,0.689417051535893,24862880.23395114,355058.90780251694,590.8618505743656,6276627179.909706,17140893.58358063,244783.6653387657,407.3502348880205,4327213803.963397,11817224.315082667,168758.03282200068,280.83419787895264,2983254982.093861,13.71264160841948,5494.76216649268,3850.9787069020354,64.42138935878454,55.51660439723854,6.381582234707729,12.780038992163332,62.950238943099976,16.16934162378311,37.18963852832113,17.67608163457621,610658.1696785827,8720.615661844633,166816.7116754416,6210.479188244601,0.000723029614117365
conv2True_32_64fcTrue_320ReLU05_160ReLU02_lr0001_sgd,-0.10375062227249143,-9.63849640702484,36762455.23822755,523864.49119756685,392.2096376589308,10554005259.017029,-354334792.72706777,-5049266.016175644,-3780.3111833761186,-101724741768.7569,3415254626.583734,48667332.35502157,36436.51575840654,980473558043.693,14.99030228748963,892156.1085144092,546194.3855213935,69.6327900279555,172.35247037212528,5.971796486787534,13.168988325274452,68.99772882461548,15.494797825813293,52.129407225252905,4842.8538859391,902924.0947720755,12866.65616952418,124303.6768277388,5388.4727850589325,0.00036798865272490394
conv2True_32_64fcTrue_320ReLU05_160ReLU02_lrscheduler_sgd,1.6779291391372682,0.5959727241605475,26326558.827014543,386290.33747229975,727.8055857116444,6613269497.336784,15689910.981908765,230218.50474026368,433.75227757583156,3941328237.935658,9350758.989724657,137203.94942222285,258.5045264777103,2348924126.7734046,13.547037249534505,4967.558136607792,3501.9704493668196,65.51681449206527,53.26517115766438,6.590033959937897,12.864344535326527,65.8267502784729,16.84081196784973,41.04294625754832,14.577776807227231,646607.6366038707,9487.692022231546,203535.50477761158,7672.727791683352,0.0005936397070759071
conv4True_4_8_16_32fcTrue_200ReLU00_200ReLU00_160ReLU00_80ReLU00_lr001_adam,-0.805749726295471,-1.241080160954714,45780481388.10149,64668557.73759357,20746.028480005545,49649245043859.08,-56817247209.72929,-80258864.04568185,-25747.484365136363,-61618693030312.664,70514758312.0546,99607683.90785733,31954.692040062422,76473737463879.55,32.416499689020775,764593.7181814628,1035859.264579438,66.38918033009509,69.65330273613766,9.940110108785854,17.984785671296763,101.43642330169678,29.505979180336,53.404750564088395,82.25826737857338,1285469793.0244164,1815827.94696732,12080937.786317226,908147.6489180359,0.0003506228520498254
conv4True_4_8_16_32fcTrue_200ReLU00_200ReLU00_160ReLU00_80ReLU00_lr0001_adam,-0.8644846200942993,-1.1567585781814353,18936490530.161423,132027583.30897498,8243.74908370318,259777642640602.0,-21904947861.415745,-152724039.54922092,-9536.027468949002,-300500016544267.8,25338736343.30975,176664842.8430821,11030.881576480559,347605971881245.06,24.620214824075397,318006.71296924265,271582.6741118869,71.86850061487183,74.23223285647754,9.017210505315132,18.698521423182545,73.45570778846741,20.129775524139404,52.00030282739347,69.58110643664001,531717575.3582633,3707201.5200305902,3836466.156135678,289149.0209879446,0.00036981817784552563
conv4True_4_8_16_32fcTrue_200ReLU00_200ReLU00_160ReLU00_80ReLU00_lrscheduler_adam,-1.4134994626045227,-0.7074640114523948,10754854732.838058,13144967.284967432,4780.220370868081,6631414848038.32,-7608672671.881387,-9299591.285833554,-3381.833879200787,-4691487349998.163,5382862090.277417,6579126.155943541,2392.525762245002,3319058460307.8657,35.14185379095607,54313.90472879234,84077.7905279096,55.618053854003854,51.50112968453472,8.472241927114872,16.39154952736154,84.67966055870056,25.353204369544983,11.535524645954421,5.773591540811363,301985485.26014805,369097.437658476,2973173.373976732,232525.91468151475,0.007514936187944958
conv4True_4_8_16_32fcTrue_200ReLU05_200ReLU03_160ReLU03_80ReLU02_lr001_adam,-1.3207989811897278,-0.7571174828581684,5283085902.950527,20578450.340441093,8130.8053998328405,21040945496492.395,-3999916700.5653768,-15580304.522876577,-6155.974917931044,-15930467691260.236,3028406863.974408,11796120.942524051,4660.796234401972,12061235599160.326,44.11923250604703,104020.18145748347,205630.75272888903,58.4579951494242,54.95298795748102,9.003415262805317,16.83975498623675,92.58656740188599,26.40412050485611,9.096987433149874,5.214637749625475,148343729.3859714,577822.1525378121,5882521.099760815,590254.5540847623,0.01208383566639903
conv4True_4_8_16_32fcTrue_200ReLU05_200ReLU03_160ReLU03_80ReLU02_lr0001_adam,-1.2982296109199523,-0.7702797652962017,4279315596.542783,28340681.686654236,6518.863031906653,37620070667663.484,-3296270213.3333497,-21830253.637930386,-5021.348286215142,-28977979204314.348,2539050246.279273,16815402.64858157,3867.842979376284,22321151020257.47,24.04651885307348,92662.43571038329,93008.15912429971,60.57425723060212,57.160875616219116,8.782455258105049,17.159808845806758,68.37555932998657,18.73791241645813,10.83775141687268,6.430372984492033,120158870.49199358,795777.7882034867,2875964.2345162155,198175.11631556493,0.00851376442363435
conv4True_4_8_16_32fcTrue_200ReLU05_200ReLU03_160ReLU03_80ReLU02_lrscheduler_adam,-1.416727328300476,-0.7058521283694108,11046045963.176964,25061097.55161686,12111.95791777853,23438011031459.24,-7796875053.174798,-17689429.04608219,-8549.251274984714,-16543769971301.232,5503440850.9137945,12486121.14181679,6034.507208412859,11677455245496.922,44.40345838080982,133121.9421238594,267952.98967745726,59.752162870618314,55.30118770953319,9.401948501247361,17.036827303425127,96.37435913085938,26.46684020757675,10.485761161393533,5.224291707721725,310161841.62960213,703690.3699097954,8799877.660918642,900768.3705536522,0.00909494500303299
conv4True_4_8_16_32fcTrue_200ReLU00_200ReLU00_160ReLU00_80ReLU00_lr001_sgd,-1.1747151613235474,-0.8512701912123988,44270959282.264656,309425796.5469775,3687.7405713397848,1148762736961160.5,-37686547973.36975,-263404956.99259433,-3139.263621306139,-977907474750605.6,32081434899.42571,224228788.10537946,2672.361543175404,832463483018982.0,24.395221142039176,97916.51647409193,65192.85081724507,79.00192580200533,76.2249426127416,8.212769238205425,19.550228868668302,66.67196369171143,15.73239403963089,115.22155119323381,83.49655741698412,1243083933.1531358,8688364.617044788,1711663.957414897,131620.65969671498,7.5323859494521e-05
conv4True_4_8_16_32fcTrue_200ReLU00_200ReLU00_160ReLU00_80ReLU00_lr0001_sgd,-1.1844912528991698,-0.8442443095737452,168759778201.06674,782032611.3069248,8854.182259326839,2831586370087539.5,-142474482431.17798,-660226581.9969678,-7475.092988365491,-2390550680012982.0,120283271051.98654,557392534.8802638,6310.8047189621675,2018208808348607.2,24.204657053093754,232429.44463712146,152750.86395152498,87.57468934626536,84.34089252181857,9.088645198050497,20.477407000078585,74.55869126319885,16.34826385974884,278.8673519793954,198.76227406344933,4738604544.498173,21958687.818785854,4111284.9944589077,327082.85949537525,1.2858924736713518e-05
conv4True_4_8_16_32fcTrue_200ReLU00_200ReLU00_160ReLU00_80ReLU00_lrscheduler_sgd,-0.825869607925415,-1.2108448965836154,51851752071.94441,392906665.9331335,4773.898221960305,1441011456092228.5,-62784429375.23279,-475749031.2788181,-5780.450298870231,-1744841367527799.2,76022205893.91504,576058286.5785556,6999.228744342252,2112732265219012.0,25.616567624092482,256805.33410668993,179296.21644593522,81.12665200279586,84.65013755006883,8.470918487434044,19.789082650363728,69.94908928871155,17.401180028915405,145.88477366572565,213.8882845272986,1455944956.9527533,11032423.3214867,2341159.098025736,179469.15620500967,4.6987254340172305e-05
conv4True_4_8_16_32fcTrue_200ReLU05_200ReLU03_160ReLU03_80ReLU02_lr001_sgd,-1.4483892917633057,-0.6904221162685998,9610432487.914207,40888547.9623394,3125.1015497577237,112152746119133.84,-6635255136.562232,-28230357.815308515,-2157.6392255380088,-77432736320907.39,4581126893.3673935,19490863.38586511,1489.6818402400947,53461273679149.35,17.686070385241354,42585.10830821133,26346.61787810218,63.092252153174954,58.10636934032622,8.047222057564992,17.526360580884656,47.92969107627869,13.749854028224945,14.981790807047494,7.141560472255653,269851261.641059,1148109.2311073458,944228.8320876987,61872.73983046769,0.004455254758028667
conv4True_4_8_16_32fcTrue_200ReLU05_200ReLU03_160ReLU03_80ReLU02_lr0001_sgd,-1.589581060409546,-0.6290965745039488,22214905439.289177,101548606.21700275,3098.467725033345,321472680362050.56,-13975320914.785963,-63883880.316766836,-1949.2354320295206,-202237362012368.88,8791826515.085241,40189130.27329826,1226.2573331914962,127226831678696.3,17.792665743975824,39994.558612665685,21818.386845575482,69.80281709888784,62.97141697622706,8.038662986028191,18.436048120805417,50.27503037452698,13.791456550359726,34.80016717980227,13.772601165327073,623772162.9664209,2851382.5512026115,974330.6488630981,71309.09241081343,0.0008257286233606007
conv4True_4_8_16_32fcTrue_200ReLU05_200ReLU03_160ReLU03_80ReLU02_lrscheduler_sgd,-1.4590875387191773,-0.6853598385726908,4517737286.250585,35458870.891868785,2066.178977380372,100874942623667.58,-3096275697.218527,-24302086.030421074,-1416.076090399699,-69135634392586.25,2122063012.022235,16655673.75878903,970.5216807229848,47382787226923.484,18.306157071480747,28118.69476838743,17766.522328592448,62.101320066371926,57.100289489517834,7.633456275830805,17.383884016362508,47.41592073440552,13.143456399440765,12.88675782428147,6.053143507707503,126853511.32643607,995649.3694296718,644619.7569871608,42303.693259585845,0.006021610576850188
conv4True_8_16_32_64fcTrue_400ReLU00_320ReLU00_160ReLU00_80ReLU00_lr001_adam,0.11272455453872682,8.871181652409613,590087104669.863,244469775.6583898,43305.991291714156,707202645695267.2,5234769896270.799,2168735788.3894014,384175.31538646505,6273723135027390.0,46438594658383.68,19239249134.884155,3408089.009165085,5.5655337567752696e+16,33.570047741038174,88434028.30364466,114409710.74337938,76.9604376565841,125.00577534833488,10.676046271432932,19.314602242298896,121.69556045532227,31.337865591049194,37.09723650158712,2919.4732696408028,16569051379.688923,6864464.994419932,34661178.77258434,1527347.5481099356,0.0007266359531699448
conv4True_8_16_32_64fcTrue_400ReLU00_320ReLU00_160ReLU00_80ReLU00_lr0001_adam,-0.30114676952362057,-3.3206399709413605,64044494805.933464,245519329.74082708,6830.642667581829,2585382095587817.0,-212668709371.329,-815281299.9761224,-22682.105069189744,-8585123126765042.0,706196216906.9465,2707255672.2617455,75319.1047178431,2.850810301018907e+16,27.754430287988402,2334528.2600624007,2090438.8412450748,76.99707951089879,100.5313043735085,8.82917404295252,19.318886238314498,80.81386256217957,19.49553644657135,14.780909334737114,162.98391120525886,1798304888.5967755,6893935.4156171465,4689179.8629624965,211479.6449877927,0.0045771768619016235
conv4True_8_16_32_64fcTrue_400ReLU00_320ReLU00_160ReLU00_80ReLU00_lrscheduler_adam,0.09982349872589112,10.017681335192783,265732191719.06964,169281315.9519648,22975.071383784234,530651867995722.5,2662020417143.994,1695806279.20887,230156.94377605713,5315901313505934.0,26667272246725.492,16988046911.333416,2305638.919830422,5.325300536803518e+16,35.6439894161112,61167781.26301486,82182169.25580962,73.88093810520968,123.28922289098837,10.04216505423905,18.94707248042231,116.11143684387207,29.67198383808136,23.087501268949612,2316.9217017055776,7461492215.278838,4753248.799088199,19382425.496540636,838671.9037239377,0.0018760574579238236
conv4True_8_16_32_64fcTrue_400ReLU05_320ReLU03_160ReLU03_80ReLU02_lr001_adam,-0.2699747800827026,-3.704049688247419,166063772420.1088,200499801.3569092,31008.388675057722,1252979674792770.0,-615108464461.8943,-742661226.7097288,-114856.61240490235,-4641098973796512.0,2278392316028.4277,2750854085.2676167,425434.59937153314,1.7190861207016384e+16,43.86816868267114,10838541.879111577,18663036.768675033,75.28346758124631,100.70991692494219,10.342013049282269,19.1163238139718,128.7893466949463,31.859069883823395,12.921885627640732,177.2880652628711,4662903418.42523,5629832.416281435,30215491.954286773,1390009.3002870553,0.005988915899851612
conv4True_8_16_32_64fcTrue_400ReLU05_320ReLU03_160ReLU03_80ReLU02_lr0001_adam,-0.4577768743038177,-2.184470330705957,29019836599.606453,209102000.7497603,9747.38357864938,2198942790250840.5,-63392972053.77515,-456777116.7291062,-21292.870229570028,-4803525284222734.0,138480066626.74368,997816059.2401441,46513.643272067864,1.0493158466180462e+16,29.502352132188737,1333866.6506105799,1372261.8827635578,75.6356864129157,89.97813936499631,9.18475417707159,19.15833273274027,90.45114278793335,21.498993635177612,11.23199785785709,53.598089926136446,814847773.9029186,5871373.508419384,6988466.258557744,290635.2694876803,0.00792658235319446
conv4True_8_16_32_64fcTrue_400ReLU05_320ReLU03_160ReLU03_80ReLU02_lrscheduler_adam,0.15926232337951673,6.278948961563456,89915001513.15677,283311773.3977526,32450.065155883553,2102524961785808.0,564571705380.0123,1778900165.3745198,203752.30291320154,1.3201646925466246e+16,3544916923223.938,11169623346.103401,1279350.3107930096,8.289246725358368e+16,40.58968526417158,33226771.821571194,51928426.457708344,78.23174599789488,117.6769042553495,10.387457730015692,19.462058521994955,134.84535264968872,34.43484824895859,17.409551940796664,686.3750682542753,2524722652.1071086,7955109.157188621,29912058.78369251,1270545.0419010234,0.00329932282728043
conv4True_8_16_32_64fcTrue_400ReLU00_320ReLU00_160ReLU00_80ReLU00_lr001_sgd,0.3825214743614197,2.614232316419352,316437358835.3911,2154745250.2136855,4875.340358048126,5.718187976975018e+16,827240769589.8662,5633004666.759719,12745.272317552906,1.4948671800768688e+17,2162599553321.4434,14725982838.384281,33319.10277411178,3.907930090911618e+17,29.95529296809984,1490094.4394866966,998083.4850327466,98.01363632179205,121.34717011013089,8.491945198030365,21.490938340156454,80.40270495414734,17.53051245212555,118.32374979531794,808.6494255812055,8885242221.875027,60503075.6957577,3753366.1601923523,183282.41172553375,7.142597067824399e-05
conv4True_8_16_32_64fcTrue_400ReLU00_320ReLU00_160ReLU00_80ReLU00_lr0001_sgd,-0.8461225509643554,-1.1818618932449738,1083133338119.6,4963983449.880568,9792.516770042128,1.4170214205886826e+17,-1280114017626.7788,-5866742878.112565,-11573.402409475146,-1.6747236189056227e+17,1512917976441.815,6933679845.107583,13678.16328294824,1.9792920269018736e+17,28.938651960883632,620814.7077324368,395827.6067093766,107.53677054876412,111.60481450177721,9.189373778077925,22.32547437025432,89.78130149841309,16.30561888217926,240.82134035161835,336.3786545073965,30413292865.29347,139383654.0031023,7305336.464864207,373421.9440240057,1.7242890153562082e-05
conv4True_8_16_32_64fcTrue_400ReLU00_320ReLU00_160ReLU00_80ReLU00_lrscheduler_sgd,-0.7154075503349304,-1.3978046492965202,238640244672.3647,1784698761.701557,3508.225552596459,4.9616975989150136e+16,-333572443512.29047,-2494660226.7001786,-4903.813988200183,-6.9354839721667864e+16,466269112418.6805,3487047663.2966204,6854.573991991528,9.694451741416232e+16,28.39164901559252,308447.4106327405,194612.65893203233,95.98296630922812,103.39882596582171,8.162865648060384,21.302515476984773,76.81176257133484,15.986024379730225,91.85309581575082,179.46789116696627,6700777637.650836,50112543.124365166,2550254.931608302,125235.71902170652,0.00011852566572590777
conv4True_8_16_32_64fcTrue_400ReLU05_320ReLU03_160ReLU03_80ReLU02_lr001_sgd,-0.8798209190368652,-1.1365949346768136,52370643295.39814,322262951.86662275,3208.104605373448,7479928765556798.0,-59524207895.31576,-366282438.72560126,-3646.3154443808194,-8501649146675248.0,67654913184.46549,416314764.51658875,4144.383664317074,9662931356510544.0,21.561595953090716,147541.83721329444,89359.5260445943,79.35955399977824,81.6499727730313,8.07343557611484,19.590878390959208,62.01516389846802,14.70937579870224,16.186494184786916,20.910490876648094,1470514899.7185497,9048819.004841056,1601010.041997537,68171.08956638175,0.0038167561044161412
conv4True_8_16_32_64fcTrue_400ReLU05_320ReLU03_160ReLU03_80ReLU02_lr0001_sgd,-1.1187585234642028,-0.8938479386092447,170242042817.84393,811152987.5969903,3803.3730934459504,2.0166623341947124e+16,-152170499037.35657,-725047425.8603001,-3399.637199338529,-1.8025894702908516e+16,136017286881.68123,648082146.9991684,3038.75870264805,1.611240882178208e+16,21.609997122307412,119734.91122937461,65667.56681961098,87.93116303321867,85.76547868069389,8.243643608150709,20.513967234976064,65.43397617340088,14.380387425422668,39.5318336172334,31.584517344093655,4780225041.538887,22776358.645901985,1938987.2683565505,90653.01590432145,0.0006398911185268632
conv4True_8_16_32_64fcTrue_400ReLU05_320ReLU03_160ReLU03_80ReLU02_lrscheduler_sgd,-0.7339203119277953,-1.3625457474712626,55522881603.27843,346455475.56998974,3909.2055373807475,7794418484285792.0,-75652466215.89742,-472061434.9260234,-5326.47138094925,-1.062025175977501e+16,103079946128.18439,643205300.7036355,7257.560929139783,1.4470578872355634e+16,22.11781677854165,254142.10953026533,160521.4028898162,80.00041204252987,85.69352782361923,8.271089444963408,19.663264870704197,64.29011178016663,15.206490635871887,17.80032135748362,33.04684687844876,1559026575.488033,9728120.696189985,1993578.7557033056,83351.00110874999,0.003156053192132828
vgg_cifar_0.01_adam,0.7082104206085207,1.4120097232412407,177414628054021.9,5993855959.96115,1365840.1661112679,3.3046790150912348e+16,250511179857507.12,8463382895.1726055,1928579.5949425416,4.66623890150011e+16,353724221739435.3,11950378939.49732,2723173.140103522,6.588774699884682e+16,32.94466071367333,69441074.96895528,89714015.16529895,133.44529766320792,145.46640185123414,14.127280303563502,22.514000774848295,275.8786449432373,69.46353882551193,1083.5117096736888,2160.274721728066,4833151957397.41,163285389.61524287,1337221450.8889973,28998056.11753795,8.517904795591048e-07
vgg_cifar_0.01_sgd,2.4672214269638064,0.4053142490865169,658453578923.7971,617795436.5919247,3323.9197437929693,2.982355943837787e+16,266880617899.82846,250401293.47133285,1347.2320349792951,1.2087913598853232e+16,108170517239.81462,101491212.23362583,546.0523406029332,4899403623341895.0,29.033653551087273,21270.633850122747,15853.894477825866,100.44898992039356,80.14815731971393,8.10890001121724,20.241667951875545,109.14489078521729,27.715006113052368,15.317378049539027,2.5163333595733577,17937676496.787247,16830062.190397605,3135587.2994223214,56818.18542183466,0.004262173625303326
vgg_cifar_0.001_adam,5.167950010299682,0.1935003237273983,13294446111369.926,4886160097.648473,137322.23267798783,1.0517736665793554e+17,2572479626326.532,945473560.6788757,26571.89647815976,2.0351854497105796e+16,497775640476.3207,182949440.0670584,5141.670570574829,3938090433642879.0,34.21732111332338,159300.5247370564,175934.19297228355,130.08012589955305,86.27428575824214,11.83008550638198,22.30967257585351,201.41167783737183,39.3060228228569,220.5207792079921,8.256821772718768,362168998974.0693,133109397.45574988,143501828.15792814,2844044.4808674296,2.056368597644976e-05
vgg_cifar_0.001_sgd,-1.7074698209762573,-0.5856618885528784,1823854266990.494,747316331.1002553,742.1385311907082,4.940896603069857e+16,-1068161934450.8783,-437674693.81858367,-434.64225374500944,-2.8936948356983936e+16,625581735810.7972,256329387.7535945,254.55340317318158,1.6947267823708324e+16,22.691549813602098,13026.04037699401,5776.211228326189,102.86746704298349,89.98907485554669,6.609535925459093,20.431999122134577,94.37448263168335,23.216375082731247,15.609598855064009,5.354090029996938,49685670889.71158,20358486.941406235,509986.4034520275,9972.411019113775,0.004104086589614011
vgg_cifar_scheduler_adam,1.9499192714691165,0.5128417440823464,229361224235314.84,20552024541.612568,3321006.2414419395,1.1315754440240168e+17,117626010261701.0,10539936110.343775,1703150.6329694423,5.803191242740323e+16,60323528252058.72,5405319217.345204,873446.7410470011,2.9761187181703468e+16,32.33690861372443,23174467.024523888,28244567.444192305,155.66709226591814,131.73241551294936,15.015778379743429,23.74622529087612,330.14049339294434,81.7088211774826,3682.954792011436,968.6416184237888,6248287765349.505,559880877.5312967,3157303269.1889105,66744669.33759569,7.372371712622592e-08
vgg_cifar_scheduler_sgd,1.3387267112731935,0.7469784471910267,704054798346.273,469972397.2189821,2262.1722818911912,2.4038230503178736e+16,525913760006.0904,351059251.49727964,1689.7939384056635,1.7956040094484424e+16,392846243805.74365,262233694.55548203,1262.2396521830717,1.341277494747779e+16,27.596455542028597,50095.97782726501,34833.34044485578,97.0731295055621,90.24560249368498,7.724080817299729,19.96818452162243,104.90235042572021,27.932884573936462,11.484851977764967,6.408280961549415,19179950740.624332,12803048.071380176,2015283.9655792194,36581.97206797518,0.00758139624201701
